feature,importance
open_issues,0.22811826401274063
example_usage,0.20611136855625073
stars,0.20603497883985103
forks,0.17276688956893696
has_tests,0.09060600856397392
has_requirements,0.05037352559634198
has_license,0.04598896486190485
has_readme,0.0
mentions_dataset,0.0
recently_updated,0.0
